name,value,relevant log,explanation
dfs.datatransfer.server.variableBlackList.enable,true,[main]	Server variable blacklist enabled. Using variable file: /etc/hadoop/blackList with expiry time: 3600000ms. Configuration key: dfs.datatransfer.server.variableBlackList.enable,property-hit
yarn.nodemanager.localizer.cache.cleanup.interval-ms,600000,[main]	Server variable blacklist enabled. Using variable file: /etc/hadoop/blackList with expiry time: 3600000ms. Configuration key: dfs.datatransfer.server.variableBlackList.enable,value-hit
dfs.namenode.startup.delay.block.deletion.sec,0,[main]	Server variable blacklist enabled. Using variable file: /etc/hadoop/blackList with expiry time: 3600000ms. Configuration key: dfs.datatransfer.server.variableBlackList.enable,value-hit
dfs.datanode.http.internal-proxy.port,0,[main]	Server variable blacklist enabled. Using variable file: /etc/hadoop/blackList with expiry time: 3600000ms. Configuration key: dfs.datatransfer.server.variableBlackList.enable,value-hit
dfs.datanode.slow.io.warning.threshold.ms,300,[main]	Server variable blacklist enabled. Using variable file: /etc/hadoop/blackList with expiry time: 3600000ms. Configuration key: dfs.datatransfer.server.variableBlackList.enable,property-item-hit	io
yarn.timeline-service.entity-group-fs-store.scan-interval-seconds,60,[main]	Server variable blacklist enabled. Using variable file: /etc/hadoop/blackList with expiry time: 3600000ms. Configuration key: dfs.datatransfer.server.variableBlackList.enable,value-hit
dfs.datatransfer.server.variableBlackList.enable,true,[main]	Client variable blacklist not enabled. Defaulting to fixed file: /etc/hadoop/fixedBlackList. Configuration key: dfs.datatransfer.client.variableBlackList.enable,property-item-hit	datatransfer
dfs.datatransfer.server.variableBlackList.enable,true,[main]	Client variable blacklist not enabled. Defaulting to fixed file: /etc/hadoop/fixedBlackList. Configuration key: dfs.datatransfer.client.variableBlackList.enable,property-item-hit	enable
dfs.datanode.slow.io.warning.threshold.ms,300,[main]	Client variable blacklist not enabled. Defaulting to fixed file: /etc/hadoop/fixedBlackList. Configuration key: dfs.datatransfer.client.variableBlackList.enable,property-item-hit	io
